form	lemma	POS	morph
༄༅། །		PUNCT
		
བདེ་བ་	བདེ་བ་	VERB
ཅན་	ཅན་	PART
དུ་	ལ་	PART
བགྲོད་པ་	བགྲོད་པ་	VERB
འི་	གི་	PART
སྨོན་ལམ་	སྨོན་ལམ་	NOUN
ནི་	ནི་	NO_POS
།		PUNCT
མངྒ་		NON_WORD
ལཾ་		NON_WORD
སྭསྟི་		NON_WORD
བྷ་	བྷ་	NO_POS
ཝནྟུ་		NON_WORD
།		PUNCT
ཤེས་བྱ་	ཤེས་བྱ་	VERB
ཐམས་ཅད་	ཐམས་ཅད་	DET
མངོན་སུམ་	མངོན་སུམ་	NOUN
གཟིགས་པ་པོ་	གཟིགས་པ་པོ་	VERB
། །		PUNCT
མཆོག་	མཆོག་	ADJ
གི་	གི་	PART
ཡོན་ཏན་	ཡོན་ཏན་	NOUN
མ་	མ་	PART
ལུས་	ལུས་	NOUN
མཐ་	མཐའ་	NOUN
ར་	ལ་	PART
ཕྱིན་པ་	ཕྱིན་པ་	VERB
འི་	གི་	PART
། །		PUNCT
ཟླ་	ཟླ་	NOUN
མེད་	མེད་	VERB
བརྙེས་པ་	བརྙེས་པ་	VERB
དེ་	སྟེ་	PART
དང་	དང་	NO_POS
དམ་པ་	དམ་པ་	VERB
འི་	གི་	PART
ཆོ་	ཆོ་	NOUN
། །		PUNCT
བྱང་ཆུབ་	བྱང་ཆུབ་	NOUN
སེམས་དཔ་	སེམས་དཔའ་	NOUN
འི་	གི་	PART
ཚོགས་	ཚོགས་	NOUN
ལ་	ལ་	PART
གུས་ཕྱག་	གུས་ཕྱག་	NO_POS
འཚལ་	འཚལ་	VERB
། །		PUNCT
མཐའ་	མཐའ་	NOUN
ཡ་		
ནམ་མཁ་	ནམ་མཁའ་	NOUN
འི་	གི་	PART
མཐའ་	མཐའ་	NOUN
ཀླས་	ཀླས་	NO_POS
ཞིང་	ཅིང་	PART
རྒྱ་མཚོ་	རྒྱ་མཚོ་	NOUN
། །		PUNCT
མཐའ་དག་	མཐའ་དག་	DET
སྐུ་	སྐུ་	NOUN
ཡི་	གི་	PART
སྤྲུལ་པ་	སྤྲུལ་པ་	VERB
ས་	གིས་	PART
སྣང་བ་	སྣང་བ་	VERB
ར་	ལ་	PART
མཛད་	མཛད་	VERB
། །		PUNCT
མཐའ་	མཐའ་	NOUN
ཡ་		
འོད་	འོད་	NOUN
མངའ་	མངའ་	VERB
ཐུབ་ཆེན་	ཐུབ་ཆེན་	NO_POS
ཚེ་	ཚེ་	NOUN
དཔག་མེད་	དཔག་མེད་	ADJ
། །		PUNCT
མཐའ་མེད་	མཐའ་མེད་	NO_POS
འཁོར་བ་	འཁོར་བ་	NOUN
འི་	གི་	PART
འགྲོ་བ་	འགྲོ་བ་	VERB
ཀུན་	ཀུན་	DET
ལ་	ལ་	PART
ཁྱབ་	ཁྱབ་	VERB
། །		PUNCT
ཀུན་མཁྱེན་	ཀུན་མཁྱེན་	OTHER
རྒྱལ་བ་	རྒྱལ་བ་	NOUN
རྣམས་	རྣམས་	DET
ཀྱི་	གི་	PART
ཐུགས་རྗེ་	ཐུགས་རྗེ་	NOUN
འི་	གི་	PART
འོད་	འོད་	NOUN
། །		PUNCT
ཀུན་	ཀུན་	DET
ན་	ནས་	PART
རབ་	རབ་	ADV
རྫོགས་	རྫོགས་	VERB
ཡེ་ཤེས་	ཡེ་ཤེས་	NOUN
འོད་འཕྲོ་	འོད་འཕྲོ་	NO_POS
བ་	བ་	ADP
། །		PUNCT
ཀུན་རྟོག་	ཀུན་རྟོག་	NOUN
སྲིད་པ་	སྲིད་པ་	VERB
འི་	གི་	PART
མུན་	མུན་	NOUN
སྟུག་	སྟུག་	NO_POS
སྣ་ཚོགས་པ་	སྣ་ཚོགས་པ་	DET
། །		PUNCT
ཀུན་	ཀུན་	DET
སེལ་	སེལ་	VERB
རྣམ་འདྲེན་	རྣམ་འདྲེན་	OTHER
གཙོ་	གཙོ་	NOUN
ལ་	ལ་	PART
ཕྱག་	ཕྱག་	NOUN
འཚལ་	འཚལ་	VERB
ལོ་	གོ་	PART
། །		PUNCT
འོད་	འོད་	NOUN
ཕྲེང་	ཕྲེང་	OTHER
གསལ་བ་	གསལ་བ་	VERB
ས་	གིས་	PART
ཞིང་	ཅིང་	PART
ཀུན་ཁྱབ་	ཀུན་ཁྱབ་	OTHER
མཛད་	མཛད་	VERB
དེ་	སྟེ་	PART
། །		PUNCT
ཡེ་ཤེས་	ཡེ་ཤེས་	NOUN
སྤྱན་	སྤྱན་	NOUN
གྱིས་	གིས་	PART
ཅུང་ཟད་	ཅུང་ཟད་	ADV
གཟིགས་པ་	གཟིགས་པ་	VERB
ས་	གིས་	PART
ཀྱང་	ཀྱང་	PART
། །		PUNCT
བདུད་	བདུད་	NOUN
སྡེ་	སྡེ་	NOUN
འི་	གི་	PART
དཔུང་ཚོགས་	དཔུང་ཚོགས་	NOUN
མ་	མ་	PART
ལུས་	ལུས་	NOUN
ཞི་	ཞི་	VERB
མཛད་པ་	མཛད་པ་	VERB
། །		PUNCT
དཔག་མེད་	དཔག་མེད་	ADJ
སྐུ་	སྐུ་	NOUN
ཡི་	གི་	PART
འོད་	འོད་	NOUN
ལ་	ལ་	PART
ཕྱག་	ཕྱག་	NOUN
འཚལ་	འཚལ་	VERB
ལོ་	གོ་	PART
། །		PUNCT
སྲིད་	སྲིད་	NOUN
དང་	དང་	NO_POS
ཞི་བ་	ཞི་བ་	VERB
རབ་	རབ་	ADV
སྤངས་	སྤངས་	VERB
རྣམ་གྲོལ་	རྣམ་གྲོལ་	NOUN
སྐུ་	སྐུ་	NOUN
། །		PUNCT
ངོ་བོ་	ངོ་བོ་	NOUN
ཉིད་	ཉིད་	DET
ཀྱི་	གི་	PART
དབྱིངས་	དབྱིངས་	NOUN
ལས་མ་	ལས་མ་	NO_POS
གཡོ་	གཡོ་	VERB
ཀྱང་	ཀྱང་	PART
། །		PUNCT
གང་	གང་	NO_POS
གང་	གང་	NO_POS
འདུལ་བ་	འདུལ་བ་	VERB
དེ་	སྟེ་	PART
ལ་	ལ་	PART
དེ་	དེ་	DET
ར་	ལ་	PART
སྟོན་པ་	སྟོན་པ་	NOUN
འི་	གི་	PART
། །		PUNCT
མཚན་	མཚན་	NOUN
དང་	དང་	NO_POS
དཔེ་བྱད་	དཔེ་བྱད་	NOUN
ཀྱིས་	གིས་	PART
འབའ་	འབའ་	VERB
ཕྱག་	ཕྱག་	NOUN
འཚལ་	འཚལ་	VERB
ལོ་	གོ་	PART
། །		PUNCT
ཆོ་	ཆོ་	NOUN
ཀུན་	ཀུན་	DET
རྣམ་འབྱེད་	རྣམ་འབྱེད་	NOUN
ཡན་ལག་	ཡན་ལག་	NOUN
དྲུག་ཅུ་	དྲུག་ཅུ་	NUM
ཡི་	གི་	PART
། །		PUNCT
གསུང་	གསུང་	VERB
གཅིག་	གཅིག་	NUM
གིས་	གིས་	PART
ཀྱང་	ཀྱང་	PART
ཕྱོགས་	ཕྱོགས་	NOUN
དུས་	དུས་	NOUN
ཐམས་ཅད་	ཐམས་ཅད་	DET
དུ་	ལ་	PART
། །		PUNCT
སེམས་ཅན་	སེམས་ཅན་	NOUN
དབང་པོ་	དབང་པོ་	NOUN
འི་	གི་	PART
རིམ་པ་	རིམ་པ་	NOUN
ཇི་བཞིན་	ཇི་བཞིན་	OTHER
འཇུག་	འཇུག་	VERB
།		PUNCT
དཔག་མེད་	དཔག་མེད་	ADJ
གསུང་	གསུང་	VERB
གི་	གི་	PART
འོད་	འོད་	NOUN
ལ་	ལ་	PART
ཕྱག་	ཕྱག་	NOUN
འཚལ་	འཚལ་	VERB
ལོ་	གོ་	PART
། །		PUNCT
སྨྲ་	སྨྲ་	VERB
བསམ་བརྗོད་པ་	བསམ་བརྗོད་པ་	NO_POS
འི་	གི་	PART
ཡུལ་	ཡུལ་	NOUN
ལ་	ལ་	ADP
ས་	གིས་	PART
རབ་	རབ་	ADV
འདའ་	འདའ་	VERB
ཀྱང་	ཀྱང་	PART
། །		PUNCT
འབད་	འབད་	VERB
མེད་	མེད་	VERB
ལྷུན་	ལྷུན་	NOUN
གྱིས་	གིས་	PART
གྲུབ་པ་	གྲུབ་པ་	VERB
འི་	གི་	PART
ཡང་དག་	ཡང་དག་	ADJ
ཚིག་	ཚིག་	NOUN
།		PUNCT
གསུང་	གསུང་	VERB
གི་	གི་	PART
གསང་བ་	གསང་བ་	VERB
བསམ་	བསམ་	NOUN
གྱིས་	གིས་	PART
མི་	མི་	PART
ཁྱབ་པ་	ཁྱབ་པ་	VERB
ས་	གིས་	PART
། །		PUNCT
ལེགས་པ་	ལེགས་པ་	VERB
འི་	གི་	PART
ལམ་མཆོག་	ལམ་མཆོག་	OTHER
སྟོན་	སྟོན་	VERB
ལ་	ལ་	PART
ཕྱག་	ཕྱག་	NOUN
འཚལ་	འཚལ་	VERB
ལོ་	གོ་	PART
། །		PUNCT
རང་བཞིན་	རང་བཞིན་	NOUN
འོད་གསལ་	འོད་གསལ་	NOUN
མཁའ་	མཁའ་	NOUN
ལྟ་	ལྟ་	OTHER
མི་	མི་	PART
དམིགས་	དམིགས་	VERB
ཀྱང་	ཀྱང་	PART
། །		PUNCT
རྣམ་པ་	རྣམ་པ་	NOUN
ཀུན་ལྡན་	ཀུན་ལྡན་	NO_POS
ཡེ་ཤེས་	ཡེ་ཤེས་	NOUN
རོལ་པ་	རོལ་པ་	VERB
ཡི་	གིས་	PART
། །		PUNCT
ཤེས་བྱ་	ཤེས་བྱ་	VERB
ཇི་སྙེད་	ཇི་སྙེད་	OTHER
མཁྱེན་པ་	མཁྱེན་པ་	VERB
འི་	གི་	PART
དཀྱིལ་འཁོར་	དཀྱིལ་འཁོར་	NOUN
རྒྱ་	རྒྱ་	VERB
། །		PUNCT
དཔག་མེད་	དཔག་མེད་	ADJ
ཐུགས་	ཐུགས་	NOUN
ཀྱི་	གི་	PART
འོད་	འོད་	NOUN
ལ་	ལ་	PART
ཕྱག་	ཕྱག་	NOUN
འཚལ་	འཚལ་	VERB
ལོ་	གོ་	PART
། །		PUNCT
ཆོ་	ཆོ་	NOUN
ཀུན་	ཀུན་	DET
ངོ་བོ་	ངོ་བོ་	NOUN
ཉིད་	ཉིད་	DET
ཀྱིས་	གིས་	PART
ཉེར་ཞི་	ཉེར་ཞི་	NO_POS
ཞིང་	ཅིང་	PART
། །		PUNCT
མ་	མ་	PART
འགག་	འགག་	VERB
ས་	གིས་	PART
སྣང་བ་	སྣང་བ་	VERB
རབ་ཏུ་	རབ་ཏུ་	NO_POS
བཀྲ་བ་	བཀྲ་བ་	VERB
གང་	གང་	NO_POS
། །		PUNCT
ཁྱོད་	ཁྱོད་	PRON
ཀྱིས་	གིས་	PART
གཟིགས་པ་	གཟིགས་པ་	VERB
འང་	ཀྱང་	PART
རྣམ་དག་	རྣམ་དག་	ADJ
ཞི་བ་	ཞི་བ་	VERB
དང་	དང་	NO_POS
། །		PUNCT
དེ་བཞིན་	དེ་བཞིན་	OTHER
ཀུན་	ཀུན་	DET
ཏུ་	ལ་	PART
གཟིགས་	གཟིགས་	VERB
ལ་	ལ་	PART
ཕྱག་	ཕྱག་	NOUN
འཚལ་	འཚལ་	VERB
ལོ་	གོ་	PART
། །		PUNCT
གང་ཞིག་	གང་ཞིག་	NO_POS
འགྲོ་བ་	འགྲོ་བ་	VERB
འི་	གི་	PART
ཡིད་བཞིན་	ཡིད་བཞིན་	OTHER
ཉེ་	ཉེ་	NUM
འཚོ་	འཚོ་	VERB
འི་	གི་	PART
གནས་	གནས་	NOUN
། །		PUNCT
སྐུ་གསུང་ཐུགས་	སྐུ་གསུང་ཐུགས་	NOUN
དང་	དང་	NO_POS
ཡེ་ཤེས་	ཡེ་ཤེས་	NOUN
དཔག་མེད་	དཔག་མེད་	ADJ
སྟོབས་	སྟོབས་	NOUN
། །		PUNCT
ཐུགས་རྗེ་	ཐུགས་རྗེ་	NOUN
འི་	གི་	PART
ཕྲིན་ལས་	ཕྲིན་ལས་	NOUN
དཔག་	དཔག་	VERB
ཏུ་	ལ་	PART
མེད་པ་	མེད་པ་	VERB
ཡི་	གི་	PART
། །		PUNCT
འོད་	འོད་	NOUN
དཔག་མེད་	དཔག་མེད་	ADJ
ལ་	ལ་	PART
རྟག་པ་	རྟག་པ་	VERB
ར་	ལ་	PART
ཕྱག་	ཕྱག་	NOUN
འཚལ་	འཚལ་	VERB
ལོ་	གོ་	PART
། །		PUNCT
དངོ་	དངོ་	NOUN
དང་	དང་	NO_POS
ཡིད་	ཡིད་	NOUN
ཀྱིས་	གིས་	PART
སྤྲུལ་པ་	སྤྲུལ་པ་	VERB
འི་	གི་	PART
ལུས་	ལུས་	NOUN
ལོངས་སྤྱོད་	ལོངས་སྤྱོད་	NOUN
། །		PUNCT
ཡོངས་སུ་	ཡོངས་སུ་	NO_POS
མ་	མ་	PART
བཟུང་	བཟུང་	NO_POS
ནམ་མཁ་	ནམ་མཁའ་	NOUN
འི་	གི་	PART
མཐར་ཐུག་པ་	མཐར་ཐུག་པ་	NOUN
། །		PUNCT
བློ་	བློ་	NOUN
ཡི་	གིས་	PART
བླངས་	བླངས་	VERB
ཏེ་	སྟེ་	PART
བདེ་བ་	བདེ་བ་	VERB
ར་	ལ་	PART
གཤེགས་	གཤེགས་	VERB
རྣམས་	རྣམས་	DET
མཆོད་	མཆོད་	VERB
། །		PUNCT
དམན་	དམན་	VERB
ལ་	ལ་	PART
བརྩེར་		NON_WORD
དགོངས་	དགོངས་	VERB
བདག་	བདག་	PRON
གི་	གི་	PART
འདི་དག་	འདི་དག་	NO_POS
བཞེས་	བཞེས་	VERB
། །		PUNCT
བདག་	བདག་	PRON
དང་སེམས་	དང་སེམས་	NO_POS
ཅན་	ཅན་	PART
ཀུན་	ཀུན་	DET
གྱི་	གི་	PART
སྡིག་པ་	སྡིག་པ་	VERB
འི་	གི་	PART
ལ་	ལ་	ADP
ས་	གིས་	PART
། །		PUNCT
ཉེས་པ་	ཉེས་པ་	VERB
ར་	ལ་	PART
གྱུར་	གྱུར་	VERB
གང་	གང་	NO_POS
མཐོལ་	མཐོལ་	NO_POS
ཞིང་	ཅིང་	PART
བཤགས་པ་	བཤགས་པ་	VERB
ར་	ལ་	PART
བགྱི་	བགྱི་	VERB
། །		PUNCT
སླན་ཆད་	སླན་ཆད་	ADV
ནམ་ཡང་	ནམ་ཡང་	OTHER
བགྱིད་པ་	བགྱིད་པ་	VERB
ར་	ལ་	PART
མ་	མ་	PART
གྱུར་ཅིག་	གྱུར་ཅིག་	NO_POS
།		PUNCT
ལ་	ལ་	ADP
ས་	གིས་	PART
ཀྱི་	གི་	PART
སྒྲིབ་པ་	སྒྲིབ་པ་	VERB
འང་	ཀྱང་	PART
གཏན་	གཏན་	NOUN
དུ་	ལ་	PART
ཟད་	ཟད་	VERB
བྱེད་	བྱེད་	VERB
ཤོག་	ཤོག་	VERB
།		PUNCT
རྒྱལ་	རྒྱལ་	VERB
དང་	དང་	NO_POS
རྒྱལ་སྲས་	རྒྱལ་སྲས་	NOUN
ཉན་ཐོས་	ཉན་ཐོས་	NOUN
རང་རྒྱལ་	རང་རྒྱལ་	NOUN
དང་	དང་	NO_POS
། །		PUNCT
འགྲོ་བ་	འགྲོ་བ་	VERB
ཀུན་	ཀུན་	DET
གྱི་	གི་	PART
དགེ་	དགེ་	NOUN
ལ་	ལ་	PART
རྗེས་	རྗེས་	NOUN
ཡི་	གི་	PART
རང་	རང་	PRON
། །		PUNCT
གང་ཡང་	གང་ཡང་	NO_POS
ཕྱོགས་	ཕྱོགས་	NOUN
བཅུ་	བཅུ་	NUM
འི་	གི་	PART
བདེ་གཤེགས་	བདེ་གཤེགས་	NOUN
ཐམས་ཅད་	ཐམས་ཅད་	DET
ལ་	ལ་	PART
། །		PUNCT
ཐེག་མཆོག་	ཐེག་མཆོག་	OTHER
ཆོ་	ཆོ་	NOUN
ཀྱི་	གི་	PART
འཁོར་ལོ་	འཁོར་ལོ་	NOUN
བསྐོར་བ་	བསྐོར་བ་	VERB
ར་	ལ་	PART
བསྐུལ་	བསྐུལ་	VERB
། །		PUNCT
བསྐལ་པ་	བསྐལ་པ་	NOUN
རྒྱ་མཚོ་	རྒྱ་མཚོ་	NOUN
དཔག་	དཔག་	VERB
ཏུ་	ལ་	PART
མེད་པ་	མེད་པ་	VERB
ར་	ལ་	PART
ཡང་	ཀྱང་	PART
། །		PUNCT
མྱ་ངན་	མྱ་ངན་	NOUN
མི་འདའ་	མི་འདའ་	NO_POS
བཞུགས་པ་	བཞུགས་པ་	VERB
ར་	ལ་	PART
གསོལ་བ་	གསོལ་བ་	VERB
འདེབས་	འདེབས་	VERB
། །		PUNCT
དུས་གསུམ་	དུས་གསུམ་	OTHER
བསགས་པ་	བསགས་པ་	VERB
འི་	གི་	PART
དགེ་བ་	དགེ་བ་	VERB
ཅི་	ཅི་	NO_POS
ཡོད་པ་	ཡོད་པ་	VERB
། །		PUNCT
གཞན་ཕན་	གཞན་ཕན་	OTHER
དོན་	དོན་	NOUN
ཕྱི་	ཕྱི་	OTHER
བྱང་ཆུབ་	བྱང་ཆུབ་	NOUN
ཆེན་པོ་	ཆེན་པོ་	ADJ
ར་	ལ་	PART
བསྔོ་	བསྔོ་	VERB
། །		PUNCT
ཇི་སྲིད་	ཇི་སྲིད་	PRON
བྱང་ཆུབ་	བྱང་ཆུབ་	NOUN
སྙིང་པོ་	སྙིང་པོ་	NOUN
མ་	མ་	PART
ཐོབ་	ཐོབ་	VERB
བ་	བ་	NOUN
། །		PUNCT
སྐྱེ་བ་	སྐྱེ་བ་	VERB
འདི་	འདི་	DET
དང་	དང་	NO_POS
མ་འོངས་	མ་འོངས་	NOUN
ཐམས་ཅད་	ཐམས་ཅད་	DET
དུ་	ལ་	PART
། །		PUNCT
བླ་མ་	བླ་མ་	NOUN
དམ་པ་	དམ་པ་	VERB
ས་	གིས་	PART
རྗེས་སུ་	རྗེས་སུ་	OTHER
འཛིན་	འཛིན་	VERB
གྱུར་ཅིག་	གྱུར་ཅིག་	NO_POS
།		PUNCT
བྱང་ཆུབ་	བྱང་ཆུབ་	NOUN
སེམས་	སེམས་	NOUN
ནི་	ནི་	NO_POS
ནམ་	གམ་	PART
དུའང་		NON_WORD
ཉམས་	ཉམས་	NOUN
མ་	མ་	PART
གྱུར་	གྱུར་	VERB
། །		PUNCT
རིགས་	རིགས་	NOUN
གཟུགས་	གཟུགས་	NOUN
ལོངས་སྤྱོད་	ལོངས་སྤྱོད་	NOUN
ཕུན་སུམ་	ཕུན་སུམ་	OTHER
ཚོགས་པ་	ཚོགས་པ་	VERB
ཡི་	གི་	PART
། །		PUNCT
དལ་འབྱོར་	དལ་འབྱོར་	NOUN
མཆོག་ཐོབ་	མཆོག་ཐོབ་	OTHER
ཆོས་ལྡན་	ཆོས་ལྡན་	PROPN
གྲོག་	གྲོག་	NOUN
དང་	དང་	NO_POS
བཅའ་	བཅའ་	VERB
། །		PUNCT
སངས་རྒྱས་	སངས་རྒྱས་	NOUN
བསྟན་	བསྟན་	VERB
ལ་	ལ་	PART
རིམ་བཞིན་	རིམ་བཞིན་	NO_POS
སློབ་པ་	སློབ་པ་	VERB
དང་	དང་	NO_POS
། །		PUNCT
འདུན་	འདུན་	VERB
དང་	དང་	NO_POS
བརྩོན་འགྲུས་	བརྩོན་འགྲུས་	NOUN
བག་	བག་	NOUN
ཡོད་	ཡོད་	VERB
ལྡན་	ལྡན་	VERB
གྱུར་ཅིག་	གྱུར་ཅིག་	NO_POS
།		PUNCT
ངན་སོང་	ངན་སོང་	NOUN
གསུམ་	གསུམ་	NUM
སོགས་	སོགས་	DET
མི་	མི་	PART
བཟད་	བཟད་	NOUN
འཁོར་བ་	འཁོར་བ་	NOUN
ཡི་	གི་	PART
། །		PUNCT
མི་	མི་	PART
ཁོམ་	ཁོམ་	VERB
འཇིག་རྟེན་	འཇིག་རྟེན་	NOUN
རྣམས་	རྣམས་	DET
སུ་	ལ་	PART
སྐྱེ་	སྐྱེ་	NOUN
འགྱུར་	འགྱུར་	VERB
ལ་	ལ་	ADP
ས་	གིས་	PART
། །		PUNCT
གང་དེ་	གང་དེ་	NO_POS
ཚེ་	ཚེ་	NOUN
འདི་ཉིད་	འདི་ཉིད་	OTHER
ལ་	ལ་	PART
རབ་	རབ་	ADV
སྨིན་	སྨིན་	VERB
ན་	ནས་	PART
། །		PUNCT
ལན་	ལན་	NOUN
གྲངས་	གྲངས་	NOUN
གཞན་	གཞན་	DET
དུ་	ལ་	PART
མྱོང་བ་	མྱོང་བ་	VERB
ར་	ལ་	PART
མ་	མ་	PART
གྱུར་ཅིག་	གྱུར་ཅིག་	NO_POS
།		PUNCT
སྦྱིན་	སྦྱིན་	VERB
དང་	དང་	NO_POS
ཚུལ་ཁྲིམས་	ཚུལ་ཁྲིམས་	NOUN
བཟོད་	བཟོད་	VERB
དང་	དང་	NO_POS
བརྩོན་འགྲུས་	བརྩོན་འགྲུས་	NOUN
དང་	དང་	NO_POS
། །		PUNCT
བསམ་གཏན་	བསམ་གཏན་	NOUN
ཤེས་རབ་	ཤེས་རབ་	NOUN
ཐབས་མཁས་	ཐབས་མཁས་	NO_POS
རྨད་བྱུང་	རྨད་བྱུང་	NOUN
དང་	དང་	NO_POS
། །		PUNCT
སྨོན་ལམ་	སྨོན་ལམ་	NOUN
སྟོབས་	སྟོབས་	NOUN
དང་	དང་	NO_POS
ཡེ་ཤེས་	ཡེ་ཤེས་	NOUN
རྒྱ་མཚོ་	རྒྱ་མཚོ་	NOUN
ཡི་	གི་	PART
། །		PUNCT
སྤྱོད་པ་	སྤྱོད་པ་	VERB
ཐམས་ཅད་	ཐམས་ཅད་	DET
ཡོངས་སུ་	ཡོངས་སུ་	NO_POS
རྫོགས་	རྫོགས་	VERB
གྱུར་ཅིག་	གྱུར་ཅིག་	NO_POS
།		PUNCT
ལུས་	ལུས་	NOUN
དང་	དང་	NO_POS
དེ་བཞིན་	དེ་བཞིན་	OTHER
སྲོག་	སྲོག་	NOUN
ལ་	ལ་	ADP
འང་	ཀྱང་	PART
ལྟོས་མེད་པ་	ལྟོས་མེད་པ་	ADJ
ར་	ལ་	PART
། །		PUNCT
སེམས་ལས་	སེམས་ལས་	NOUN
རུང་	རུང་	ADP
ཞིང་	ཅིང་	PART
དབེན་པ་	དབེན་པ་	VERB
ར་	ལ་	PART
རང་རྒྱུད་	རང་རྒྱུད་	NOUN
དུལ་	དུལ་	VERB
། །		PUNCT
ལུང་	ལུང་	NOUN
དང་	དང་	NO_POS
མངོན་པ་	མངོན་པ་	OTHER
རྟོགས་པ་	རྟོགས་པ་	VERB
འི་	གི་	PART
ཆོ་	ཆོ་	NOUN
ཀྱིས་	གིས་	PART
འབྱོར་	འབྱོར་	VERB
། །		PUNCT
བརྩེ་	བརྩེ་	NO_POS
ལྡན་	ལྡན་	VERB
རྟག་	རྟག་	VERB
ཏུ་	ལ་	PART
ཤེས་བཞིན་	ཤེས་བཞིན་	NO_POS
ལྡན་	ལྡན་	VERB
གྱུར་ཅིག་	གྱུར་ཅིག་	NO_POS
།		PUNCT
འཁོར་བ་	འཁོར་བ་	NOUN
འི་	གི་	PART
དེ་བཞིན་ཉིད་	དེ་བཞིན་ཉིད་	NOUN
གང་	གང་	NO_POS
མྱ་ངན་	མྱ་ངན་	NOUN
འདའ་	འདའ་	VERB
། །		PUNCT
ཀུན་རྟོག་	ཀུན་རྟོག་	NOUN
དེ་བཞིན་ཉིད་	དེ་བཞིན་ཉིད་	NOUN
གང་	གང་	NO_POS
ཡེ་ཤེས་	ཡེ་ཤེས་	NOUN
ཏེ་	སྟེ་	PART
། །		PUNCT
གཅིག་	གཅིག་	NUM
དང་	དང་	NO_POS
དུ་མ་	དུ་མ་	ADJ
འི་	གི་	PART
བདག་ཉིད་	བདག་ཉིད་	NOUN
ལ་	ལ་	ADP
ས་	གིས་	PART
འདས་པ་	འདས་པ་	VERB
འི་	གི་	PART
། །		PUNCT
ཆོས་ཉིད་	ཆོས་ཉིད་	NOUN
རྟོགས་པ་	རྟོགས་པ་	VERB
འི་	གི་	PART
བློ་གྲོས་	བློ་གྲོས་	NOUN
ལྡན་	ལྡན་	VERB
གྱུར་ཅིག་	གྱུར་ཅིག་	NO_POS
།		PUNCT
གང་ཡང་	གང་ཡང་	NO_POS
རྟེན་འབྱུང་	རྟེན་འབྱུང་	OTHER
ཟབ་མོ་	ཟབ་མོ་	ADJ
འི་	གི་	PART
ཚུལ་	ཚུལ་	NOUN
གནས་པ་	གནས་པ་	VERB
། །		PUNCT
ངེས་དོན་	ངེས་དོན་	NOUN
མཐར་ཐུག་	མཐར་ཐུག་	NOUN
སྤྲོས་བྲལ་	སྤྲོས་བྲལ་	ADJ
ཆོ་	ཆོ་	NOUN
ཀྱི་	གི་	PART
སྐུ་	སྐུ་	NOUN
། །		PUNCT
སྟོབས་	སྟོབས་	NOUN
སོགས་	སོགས་	DET
ཡོན་ཏན་	ཡོན་ཏན་	NOUN
ཡེ་ཤེས་	ཡེ་ཤེས་	NOUN
ཕྲིན་ལས་	ཕྲིན་ལས་	NOUN
སོགས་	སོགས་	DET
། །		PUNCT
བདེ་གཤེགས་	བདེ་གཤེགས་	NOUN
ཆོ་	ཆོ་	NOUN
ལ་	ལ་	PART
ཐོགས་མེད་	ཐོགས་མེད་	PROPN
འཇུག་	འཇུག་	VERB
གྱུར་ཅིག་	གྱུར་ཅིག་	NO_POS
།		PUNCT
གང་	གང་	NO_POS
དུ་	ལ་	PART
འགྲོ་	འགྲོ་	VERB
བློ་	བློ་	NOUN
མངོན་པ་	མངོན་པ་	OTHER
དགའ་	དགའ་	VERB
གྱུར་པ་	གྱུར་པ་	VERB
འི་	གི་	PART
། །		PUNCT
ཡིད་	ཡིད་	NOUN
ལུས་	ལུས་	NOUN
སྤྱོད་པ་	སྤྱོད་པ་	VERB
རྣམ་པ་	རྣམ་པ་	NOUN
ར་	ལ་	PART
དག་པ་	དག་པ་	VERB
དང་	དང་	NO_POS
། །		PUNCT
དབྱངས་སྙན་	དབྱངས་སྙན་	OTHER
ངག་	ངག་	NOUN
གིས་	གིས་	PART
ཆོ་	ཆོ་	NOUN
ཚུལ་	ཚུལ་	NOUN
རྒྱ་མཚོ་	རྒྱ་མཚོ་	NOUN
སྟོན་	སྟོན་	VERB
། །		PUNCT
རྒྱལ་སྲས་	རྒྱལ་སྲས་	NOUN
རྣམས་	རྣམས་	DET
ཀྱི་	གི་	PART
སྤྱོད་	སྤྱོད་	VERB
དང་	དང་	NO_POS
མཚུངས་པ་	མཚུངས་པ་	VERB
ར་	ལ་	PART
ཤོག་	ཤོག་	VERB
།		PUNCT
ཇི་སྲིད་	ཇི་སྲིད་	PRON
དེ་ལྟ་	དེ་ལྟ་	NO_POS
འི་	གི་	PART
ཡོན་ཏན་	ཡོན་ཏན་	NOUN
མ་	མ་	PART
ཐོབ་	ཐོབ་	VERB
བ་	བ་	NOUN
། །		PUNCT
མི་	མི་	PART
མཐུན་	མཐུན་	VERB
ཕྱོགས་	ཕྱོགས་	NOUN
ལ་	ལ་	ADP
ས་	གིས་	PART
རྣམ་པ་	རྣམ་པ་	NOUN
ར་	ལ་	PART
རྒྱལ་བ་	རྒྱལ་བ་	NOUN
ཡི་	གི་	PART
། །		PUNCT
འཆི་མེད་	འཆི་མེད་	NOUN
ཚེ་	ཚེ་	NOUN
དང་	དང་	NO_POS
དཔལ་འབྱོར་	དཔལ་འབྱོར་	OTHER
རྒྱས་པ་	རྒྱས་པ་	VERB
དང་	དང་	NO_POS
། །		PUNCT
བསམ་པ་	བསམ་པ་	VERB
འི་	གི་	PART
དོན་	དོན་	NOUN
ཀུན་	ཀུན་	DET
ཡིད་བཞིན་	ཡིད་བཞིན་	OTHER
འགྲུབ་	འགྲུབ་	VERB
གྱུར་ཅིག་	གྱུར་ཅིག་	NO_POS
།		PUNCT
ཚེ་	ཚེ་	NOUN
འདི་	འདི་	DET
འི་	གི་	PART
སྣང་བ་	སྣང་བ་	VERB
ནུབ་པ་	ནུབ་པ་	VERB
ར་	ལ་	PART
ཉེ་བ་	ཉེ་བ་	VERB
ན་	ལ་	PART
། །		PUNCT
བདེ་གཤེགས་	བདེ་གཤེགས་	NOUN
སྲ་	སྲ་	NOUN
དང་	དང་	NO_POS
བཅས་པ་	བཅས་པ་	VERB
ས་	གིས་	PART
བྱིན་	བྱིན་	VERB
བརླབས་	བརླབས་	NO_POS
ཏེ་	སྟེ་	PART
། །		PUNCT
འོད་གསལ་	འོད་གསལ་	NOUN
ལྷན་ཅིག་	ལྷན་ཅིག་	OTHER
སྐྱེས་པ་	སྐྱེས་པ་	VERB
འི་	གི་	PART
དོན་	དོན་	NOUN
རྟོགས་	རྟོགས་	VERB
ན་	ནས་	PART
། །		PUNCT
ལྷ་	ལྷ་	NOUN
དང་	དང་	NO_POS
ལྷ་མོ་	ལྷ་མོ་	NOUN
དཔག་	དཔག་	VERB
ཏུ་	ལ་	PART
མེད་པ་	མེད་པ་	VERB
ཡི་	གིས་	PART
། །		PUNCT
སྣ་ཚོགས་	སྣ་ཚོགས་	DET
མཆོད་པ་	མཆོད་པ་	VERB
ས་	གིས་	PART
བདག་	བདག་	PRON
གི་	གི་	PART
སྔུན་བསུ་	སྔུན་བསུ་	NO_POS
ཞིང་	ཅིང་	PART
། །		PUNCT
རང་སྣང་	རང་སྣང་	NO_POS
དྲི་མེད་	དྲི་མེད་	ADJ
ཆོ་	ཆོ་	NOUN
ཀྱི་	གི་	PART
དབྱིངས་	དབྱིངས་	NOUN
རང་བཞིན་	རང་བཞིན་	NOUN
། །		PUNCT
རྣམ་དག་	རྣམ་དག་	ADJ
བདེ་བ་	བདེ་བ་	VERB
ཅན་	ཅན་	PART
གྱི་	གི་	PART
ཞིང་ཁམས་	ཞིང་ཁམས་	NOUN
དེ་	དེ་	DET
ར་	ལ་	PART
། །		PUNCT
བདེ་ཆེན་	བདེ་ཆེན་	NOUN
སེམས་	སེམས་	NOUN
ཀྱིས་	གིས་	PART
བདེ་བླག་	བདེ་བླག་	ADJ
བགྲོད་	བགྲོད་	VERB
གྱུར་ཅིག་	གྱུར་ཅིག་	NO_POS
།		PUNCT
ཞིང་	ཅིང་	PART
དེ་	དེ་	DET
ར་	ལ་	PART
དམར་སེར་	དམར་སེར་	NO_POS
འོད་	འོད་	NOUN
ཀྱི་	གི་	PART
ཕུང་པོ་	ཕུང་པོ་	NOUN
འི་	གི་	PART
དབུ་	དབུ་	NOUN
། །		PUNCT
རབ་	རབ་	ADV
མང་	མང་	VERB
རིན་ཆེན་	རིན་ཆེན་	OTHER
པདྨ་	པདྨ་	NOUN
འི་	གི་	PART
ཟེའུ་འབྲུ་	ཟེའུ་འབྲུ་	NOUN
ལ་	ལ་	PART
། །		PUNCT
དགེ་སློང་	དགེ་སློང་	NOUN
བྱེ་བ་	བྱེ་བ་	NOUN
འབུམ་	འབུམ་	NUM
དང་	དང་	NO_POS
ཐབས་	ཐབས་	NOUN
གཅིག་པ་	གཅིག་པ་	ADJ
འི་	གི་	PART
། །		PUNCT
ཆོས་རྗེ་	ཆོས་རྗེ་	NOUN
འོད་	འོད་	NOUN
དཔག་མེད་པ་	དཔག་མེད་པ་	ADJ
མཐོང་	མཐོང་	VERB
གྱུར་ཅིག་	གྱུར་ཅིག་	NO_POS
།		PUNCT
རྒྱལ་སྲས་	རྒྱལ་སྲས་	NOUN
ཚོགས་	ཚོགས་	NOUN
ཀྱིས་	གིས་	PART
ཡོངས་	ཡོངས་	DET
བསྐོར་	བསྐོར་	VERB
བཅོམ་ལྡན་འདས་	བཅོམ་ལྡན་འདས་	NOUN
། །		PUNCT
ཐུན་	ཐུན་	NOUN
མཚམས་	མཚམས་	NOUN
འཆར་ཀ་	འཆར་ཀ་	OTHER
འི་	གི་	PART
ཉིན་བྱེད་	ཉིན་བྱེད་	NOUN
ལྟ་	ལྟ་	OTHER
དམར་བ་	དམར་བ་	VERB
། །		PUNCT
འོད་འབར་	འོད་འབར་	OTHER
བལྟ་བ་	བལྟ་བ་	VERB
ས་	གིས་	PART
མི་	མི་	PART
ངོམས་	ངོམས་	VERB
དེ་	སྟེ་	PART
མཐོང་	མཐོང་	VERB
ན་	ནས་	PART
། །		PUNCT
བྱང་ཆུབ་	བྱང་ཆུབ་	NOUN
ཆེན་པོ་	ཆེན་པོ་	ADJ
འི་	གི་	PART
ལུང་བསྟན་	ལུང་བསྟན་	NOUN
ཐོབ་	ཐོབ་	VERB
གྱུར་ཅིག་	གྱུར་ཅིག་	NO_POS
།		PUNCT
དགེ་ཚོགས་	དགེ་ཚོགས་	NOUN
ལེགས་བྱས་	ལེགས་བྱས་	OTHER
རྣམ་པ་	རྣམ་པ་	NOUN
ར་	ལ་	PART
དཀར་བ་	དཀར་བ་	VERB
འི་	གི་	PART
འབྲས་	འབྲས་	NOUN
། །		PUNCT
ངོ་མཚར་	ངོ་མཚར་	ADJ
ཡོངས་རྫོགས་	ཡོངས་རྫོགས་	OTHER
དཔལ་	དཔལ་	OTHER
དང་	དང་	NO_POS
ལྡན་པ་	ལྡན་པ་	VERB
འི་	གི་	PART
ལུས་	ལུས་	NOUN
། །		PUNCT
དཔག་མེད་	དཔག་མེད་	ADJ
སྤྲུལ་	སྤྲུལ་	VERB
ན་	ནས་	PART
བཅོམ་ལྡན་འདས་	བཅོམ་ལྡན་འདས་	NOUN
དེ་	སྟེ་	PART
ལ་	ལ་	PART
། །		PUNCT
བསྟོད་དབྱངས་	བསྟོད་དབྱངས་	NO_POS
རྒྱ་མཚོ་	རྒྱ་མཚོ་	NOUN
ས་	གིས་	PART
ཤིས་པ་	ཤིས་པ་	VERB
བརྗོད་	བརྗོད་	VERB
གྱུར་ཅིག་	གྱུར་ཅིག་	NO_POS
།		PUNCT
བྱམས་ཆེན་	བྱམས་ཆེན་	PROPN
འཇམ་པ་	འཇམ་པ་	VERB
འི་	གི་	PART
དབྱངས་	དབྱངས་	NOUN
དང་	དང་	NO_POS
ཀུན་	ཀུན་	DET
ཏུ་	ལ་	PART
བཟང་	བཟང་	VERB
། །		PUNCT
སྤྱན་རས་	སྤྱན་རས་	NO_POS
གཟིགས་	གཟིགས་	VERB
དབང་	དབང་	NOUN
མཐུ་ཆེན་	མཐུ་ཆེན་	PROPN
ཐོབ་	ཐོབ་	VERB
ལ་སོགས་	ལ་སོགས་	NO_POS
། །		PUNCT
རྒྱལ་སྲས་	རྒྱལ་སྲས་	NOUN
རྣམས་	རྣམས་	DET
དང་	དང་	NO_POS
རྟག་	རྟག་	VERB
ཏུ་	ལ་	PART
མི་	མི་	PART
འབྲལ་	འབྲལ་	NO_POS
ཞིང་	ཅིང་	PART
། །		PUNCT
རྣམ་ཐར་	རྣམ་ཐར་	NOUN
ཚུལ་	ཚུལ་	NOUN
ལ་	ལ་	PART
མཉམ་པ་	མཉམ་པ་	VERB
ར་	ལ་	PART
འཇུག་	འཇུག་	VERB
གྱུར་ཅིག་	གྱུར་ཅིག་	NO_POS
།		PUNCT
རྣམ་ཐར་	རྣམ་ཐར་	NOUN
རྒྱ་མཚོ་	རྒྱ་མཚོ་	NOUN
སྒྱུ་མ་	སྒྱུ་མ་	NOUN
ལྟ་	ལྟ་	OTHER
སྦྱོང་བ་	སྦྱོང་བ་	VERB
ས་	གིས་	PART
། །		PUNCT
ཐེག་མཆོག་	ཐེག་མཆོག་	OTHER
རྒྱ་མཚོ་	རྒྱ་མཚོ་	NOUN
འི་	གི་	PART
ཐབས་	ཐབས་	NOUN
རྣམས་	རྣམས་	DET
ཀུན་	ཀུན་	DET
བཟུང་	བཟུང་	NO_POS
སྟེ་	སྟེ་	PART
། །		PUNCT
ཡེ་ཤེས་	ཡེ་ཤེས་	NOUN
རྒྱ་མཚོ་	རྒྱ་མཚོ་	NOUN
འི་	གི་	PART
རྟོགས་པ་	རྟོགས་པ་	VERB
རབ་	རབ་	ADV
ཐོབ་	ཐོབ་	VERB
ན་	ནས་	PART
། །		PUNCT
སྲིད་པ་	སྲིད་པ་	VERB
འི་	གི་	PART
མཚོ་	མཚོ་	NOUN
ལ་	ལ་	ADP
ས་	གིས་	PART
འགྲོ་	འགྲོ་	VERB
ཀུན་	ཀུན་	DET
སྒྲོལ་	སྒྲོལ་	VERB
གྱུར་ཅིག་	གྱུར་ཅིག་	NO_POS
།		PUNCT
ཞིང་ཁམས་	ཞིང་ཁམས་	NOUN
རྒྱ་མཚོ་	རྒྱ་མཚོ་	NOUN
རྟག་	རྟག་	VERB
ཏུ་	ལ་	PART
སྦྱོང་བ་	སྦྱོང་བ་	VERB
དང་	དང་	NO_POS
། །		PUNCT
ཚོགས་	ཚོགས་	NOUN
གཉིས་	གཉིས་	NUM
རྒྱ་མཚོ་	རྒྱ་མཚོ་	NOUN
དག་	དག་	DET
ནི་	ནི་	NO_POS
སྤེལ་བ་	སྤེལ་བ་	VERB
ར་	ལ་	PART
བྱེད་	བྱེད་	VERB
། །		PUNCT
སེམས་ཅན་	སེམས་ཅན་	NOUN
རྒྱ་མཚོ་	རྒྱ་མཚོ་	NOUN
རབ་ཏུ་	རབ་ཏུ་	NO_POS
སྨིན་	སྨིན་	VERB
བྱ་	བྱ་	VERB
ཏེ་	སྟེ་	PART
། །		PUNCT
སྨོན་ལམ་	སྨོན་ལམ་	NOUN
རྒྱ་མཚོ་	རྒྱ་མཚོ་	NOUN
རྣམས་	རྣམས་	DET
ནི་	ནི་	NO_POS
འགྲུབ་	འགྲུབ་	VERB
གྱུར་ཅིག་	གྱུར་ཅིག་	NO_POS
།		PUNCT
ཇི་ལྟ་		
སྔོན་	སྔོན་	ADV
གྱི་	གི་	PART
བདེ་བ་	བདེ་བ་	VERB
ར་	ལ་	PART
གཤེགས་	གཤེགས་	VERB
རྣམས་	རྣམས་	DET
ཀྱིས་	གིས་	PART
། །		PUNCT
ཐུགས་བསྐྱེད་	ཐུགས་བསྐྱེད་	OTHER
སྨོན་ལམ་	སྨོན་ལམ་	NOUN
མཛད་	མཛད་	VERB
སྟོབས་	སྟོབས་	NOUN
ཅི་འདྲ་བ་	ཅི་འདྲ་བ་	NO_POS
། །		PUNCT
དེ་ལྟ་	དེ་ལྟ་	NO_POS
བདག་	བདག་	PRON
གིས་	གིས་	PART
སེམས་ཅན་	སེམས་ཅན་	NOUN
མ་	མ་	PART
ལུས་	ལུས་	NOUN
ཚོགས་	ཚོགས་	NOUN
། །		PUNCT
མྱུར་	མྱུར་	VERB
དུ་	ལ་	PART
སངས་རྒྱས་	སངས་རྒྱས་	NOUN
ས་	ས་	ADP
ལ་	ལ་	PART
འགོད་པ་	འགོད་པ་	VERB
ར་	ལ་	PART
ཤོག་	ཤོག་	VERB
།		PUNCT
ཅེས་	ཅེས་	PART
འོད་	འོད་	NOUN
དཔག་	དཔག་	VERB
ཏུ་	ལ་	PART
མེད་པ་	མེད་པ་	VERB
ལ་	ལ་	PART
བསྟོད་པ་	བསྟོད་པ་	VERB
ཡན་ལག་	ཡན་ལག་	NOUN
བདུན་པ་	བདུན་པ་	NUM
སྨོན་ལམ་	སྨོན་ལམ་	NOUN
དང་	དང་	NO_POS
བཅས་པ་	བཅས་པ་	VERB
འདི་	འདི་	DET
།		PUNCT
ཀརྨ་པ་	ཀརྨ་པ་	NO_POS
དེ་བཞིན་	དེ་བཞིན་	OTHER
གཤེགས་པ་	གཤེགས་པ་	VERB
ས་	གིས་	PART
མདོ་སྨད་	མདོ་སྨད་	OTHER
ཀྱི་	གི་	PART
ས་	ས་	ADP
འི་	གི་	PART
ཆ་	ཆ་	NOUN
རྨ་ཆུ་	རྨ་ཆུ་	OTHER
འི་	གི་	PART
འགྲམ་	འགྲམ་	NOUN
དུ་	ལ་	PART
སྦྱར་བ་	སྦྱར་བ་	VERB
འོ་	གོ་	PART
།། །།		PUNCT
